[
	{
		"gid": 1001,
		"name": "Y PROJECT",
		"price" : 4699,
		"unit": "￥",
		"headImg": "/static/img/images/1.JPG"

	},
	{
		"gid": 1002,
		"name": "Rolex",
		"price" : 9699,
		"unit": "￥",
		"headImg": "/static/img/images/2.jpg"

	},
	{
		"gid": 1003,
		"name": "Zuhair Murad",
		"price" : 75242,
		"unit": "￥",
		"headImg": "/static/img/images/3.jpg"

	},
	{
		"gid": 1004,
		"name": "Guerlain",
		"price" :  837,
		"unit": "￥",
		"headImg": "/static/img/images/4.JPG"

	},
	{
		"gid": 1005,
		"name": "Saint Laurent",
		"price" : 15663,
		"unit": "￥",
		"headImg": "/static/img/images/5.jpg"

	},
	{
		"gid": 1006,
		"name": "VERSACE JEANS",
		"price" : 2549,
		"unit": "￥",
		"headImg": "/static/img/images/6.jpg"

	},
	{
		"gid": 1007,
		"name": "Bvlgari",
		"price" : 2302,
		"unit": "￥",
		"headImg": "/static/img/images/7.jpg"

	},
	{
		"gid": 1008,
		"name": "Saint Laurent",
		"price" :20240,
		"unit": "￥",
		"headImg": "/static/img/images/8.jpg"

	}, 
	{
		"gid": 1009,
		"name": " Labs: APL",
		"price" : 1225,
		"unit": "￥",
		"headImg": "/static/img/images/9.jpg"

	},
	{
		"gid": 1010,
		"name": "Tiffany & Co ",
		"price" : 12096,
		"unit": "￥",
		"headImg": "/static/img/images/10.jpg"

	}
]
